{"nodes":{"node:1":{"location":{"x":314,"y":25}},"node:4":{"location":{"x":420,"y":20}},"node:7":{"location":{"x":538,"y":25}}},"selection":null,"view":{"scroll":{"x":309.096588134765625,"y":-94.8928909301757812},"visible_rect":{"max":{"x":683.00872802734375,"y":240.570663452148438},"min":{"x":264.523956298828125,"y":-81.2090606689453125}},"zoom":1.16850125789642334}}