{"nodes":{"node:1":{"location":{"x":314,"y":25}},"node:4":{"location":{"x":420,"y":20}},"node:7":{"location":{"x":538,"y":25}}},"selection":null,"view":{"scroll":{"x":-37.3073844909667969,"y":-180.5169677734375},"visible_rect":{"max":{"x":926.2569580078125,"y":356.644073486328125},"min":{"x":-49.7431869506835938,"y":-240.689315795898438}},"zoom":0.749999940395355225}}