{"nodes":{"node:1":{"location":{"x":20,"y":20}},"node:10":{"location":{"x":850,"y":20}},"node:4":{"location":{"x":420,"y":20}},"node:7":{"location":{"x":610,"y":20}}},"selection":null,"view":{"scroll":{"x":943.2257080078125,"y":-0.514350235462188721},"visible_rect":{"max":{"x":12980662,"y":3674723},"min":{"x":7478318,"y":-4078.000244140625}},"zoom":0.000126128055853769183}}