{"nodes":{"node:1":{"location":{"x":20,"y":20}},"node:4":{"location":{"x":420,"y":20}},"node:7":{"location":{"x":610,"y":20}}},"selection":null,"view":{"scroll":{"x":-373.034881591796875,"y":-163.183837890625},"visible_rect":{"max":{"x":2390.42822265625,"y":1111.0482177734375},"min":{"x":-1114.6900634765625,"y":-487.620330810546875}},"zoom":0.334653466939926147}}