{"nodes":{"node:1":{"location":{"x":-6,"y":-7}}},"selection":null,"view":{"scroll":{"x":-258.176239013671875,"y":-473.8858642578125},"visible_rect":{"max":{"x":938.19683837890625,"y":1593.741943359375},"min":{"x":-797.23895263671875,"y":-1463.342529296875}},"zoom":0.323837965726852417}}