{"nodes":{"node:1":{"location":{"x":0,"y":0}}},"selection":null,"view":{"scroll":{"x":9158.8564453125,"y":-141.038467407226562},"visible_rect":{"max":{"x":128001.125,"y":2713.897705078125},"min":{"x":121867.09375,"y":-1876.6478271484375}},"zoom":0.0751544684171676636}}