{"nodes":{"node:1":{"location":{"x":-6,"y":-7}}},"selection":null,"view":{"scroll":{"x":-253.323272705078125,"y":-285.134674072265625},"visible_rect":{"max":{"x":405.7603759765625,"y":450.701812744140625},"min":{"x":-332.997406005859375,"y":-374.81396484375}},"zoom":0.760736525058746338}}