{"nodes":{"node:1":{"location":{"x":266,"y":-7}},"node:4":{"location":{"x":416,"y":25}},"node:7":{"location":{"x":602,"y":-23}}},"selection":null,"view":{"scroll":{"x":136.77447509765625,"y":-276.7440185546875},"visible_rect":{"max":{"x":880.17926025390625,"y":307.27215576171875},"min":{"x":88.9919662475585938,"y":-180.062789916992188}},"zoom":1.53693056106567383}}