{"nodes":{"node:1":{"location":{"x":20,"y":20}}},"selection":null,"view":{"scroll":{"x":-161.118392944335938,"y":-406.493072509765625},"visible_rect":{"max":{"x":1103.1180419921875,"y":465.1524658203125},"min":{"x":-133.947601318359375,"y":-337.942626953125}},"zoom":1.20284640789031982}}