{"nodes":{"node:1":{"location":{"x":20,"y":25}},"node:10":{"location":{"x":826,"y":25}},"node:4":{"location":{"x":411,"y":25}},"node:7":{"location":{"x":601,"y":233}}},"selection":null,"view":{"scroll":{"x":-150.911422729492188,"y":-133.524093627929688},"visible_rect":{"max":{"x":1258.4710693359375,"y":514.78076171875},"min":{"x":-120.729148864746094,"y":-106.819282531738281}},"zoom":1.24999988079071045}}