{"nodes":{"node:1":{"location":{"x":266,"y":-7}},"node:4":{"location":{"x":416,"y":25}},"node:7":{"location":{"x":602,"y":-23}}},"selection":null,"view":{"scroll":{"x":722.757080078125,"y":-210.186569213867188},"visible_rect":{"max":{"x":728.25244140625,"y":197.271163940429688},"min":{"x":240.919052124023438,"y":-70.06219482421875}},"zoom":2.9999995231628418}}